"Tutorial","Simple","Advanced","Others","Libraries (all groups)","Tests (all groups)"
"sldemo_fuelsys'","lorenz3d'","boost_close_loop'","Blending_Challenge'","library_test'","library_test'"
"sldemo_auto_climatecontrol'","m3dscope_new'","Assembly_Quadrotor'","CSTHDisturbedStdOp1'","arduino_io_lib'","Driver_Speed_Test'"
"sldemo_autotrans'","m3dscope_old'","power_measurement'","CSTHDisturbedStdOp2'","Examples'","myarduino_extint_test'"
"sldemo_auto_carelec'","serialRunOnPC'","arduinomega2560_drive_closedloop'","wind_turbine2'","HardwareLibraries'","myarduino_extint_test2'"
"sldemo_suspn'","serialRunOnArduino'","arduinomega2560_drive_openloop'","fir8_03'","MinSegLibrary_M1V4'","myarduino_extint_test_manageTimer'"
"sldemo_auto_climate_elec'","my_model'","CPYQPC'","fir12_03'","MinSegLibrary_M2V3'","myarduino_hc04_test'"
"sldemo_absbrake'","SimpleBounce'","abc123ca'","pct_03'","MinSegLibrary_MinSegMega'","myarduino_performance_test'"
"sldemo_enginewc'","sim1'","mybldc_mdl2'","pid_03'","MinSegLibrary_MinSegNano'","analog_output_arduino_test'"
"sldemo_engine'","sim_tutorial'","PMSM_SMO'","pid_02'","MinSegLibrary_MinSegPro'","analog_output_raspi_test'"
"sldemo_fuelsys_dd'","sim_tutorial2'","Boost_Circuit_Subsys_ClosedLoop'","fir16tap'","RASPlib'","digitalio_arduino_test'"
"sldemo_clutch'","sim_tutorial3'","CC_CV_Charger'","iir_biquad'","arduinolib'","digitalio_raspi_test'"
"sldemo_clutch_if'","simrotor1'","nid_skeleton_SL'","pct'","arduino_lib'","digitalwrite_arduino_test'"
"aero_guidance'","simrotor3a'","hybridPVWind'","ACS'","realtime_pacer_lib'","encoder_arduino_test'"
"sldemo_radar_eml'","statetest'","Inverter1'","ALS'","HEV_lib'","encoder_raspi_test'"
"aero_atc'","realtime_pacer_example'","pv_array'","Boiler_MIMOControl_PID12'","jailib'","source_sink_test'"
"slexAircraftPitchControlExample'","dcIntrocomplete'","pv_cell_effect_of_varying_Rs'","Boiler_SISOControl_PID12'","arduinounolib'","inpguitest'"
"aero_six_dof'","optsim1'","pv_cell_effect_of_varying_Rsh'","benchmark_no_taylor'","Driver_Glider_Library'","opguitest'"
"aero_dap3dof'","OFDM_64QAM_R14'","pv_cell_effects_of_solar_radiation'","benchmark'","Wheels_Driver_VehDyn_Lib'","mpptmodel_newtest'"
"slexAircraftExample'","arduinomega2560_communication'","pv_cell_effects_of_temp'","slsf_buck'","Contact_Forces_Lib'","BLNoiseTest'"
"aero_guidance_airframe'","arduinomega2560_gettingstarted'","pv_cell_effects_of_varying_Is'","flyback_openloop'","Parts_Lib'","ChirpTest'"
"sldemo_antiwindup'","arduinomega2560_servocontrol_potentiometer'","RC_Demo_C2000_Control_Unit'","forward_conv'","Contact_Forces_Lib'","FreePortComm_RX_simple_test'"
"sldemo_pid2dof'","arduinomega2560_servocontrol_sweep'","mpptmodel_newtest'","forward_conv_hyst'","Parts_Lib'","FreePortComm_TX_simple_test'"
"sldemo_bumpless'","Digital_Out_SFunction_Example'","EXTENSION1'","fwr'","Contact_Forces_Lib'","atest'"
"aeroblk_wf_3dof'","autotunerPID'","EXTENSIONnewwithfuzzy'","buck_hvoltage2'","Parts_Lib'","test'"
"asbdhc2'","steppidsupport'","EXTENSIONwithfuellcell'","pll'","Electrical_Library'","testBCIRobot'"
"asbswarm'","kalmanfilter'","Detailed_PMSG_one_machine'","SimplifiedWTModel'","Mechanical_Library'","testBCIRobot2'"
"aeroblk_HL20'","CONTROLLER_MOD'","microgrid_Finalcircutperfect'","testHarness'","mobileRoboticsTrainingLib'","testBCIRobot3'"
"asbQuatEML'","CONT_CORE'","Three_Phase_ACDCAC_PWMconverter'","AbstractFuelControl_M1_Aquino'","ann'","testBCIRobot3a'"
"aeroblk_indicated'","CONT_MOD'","HVDC_system'","ADC_DAC'","interfaceLib'","testBCIRobot3b'"
"aeroblk_six_dof'","IC'","LF_AC29bus_HVDCdemo_V2_1'","AD_9S12'","ArduPilot2_lib'","testBCIRobot3c'"
"asbGravWPrec'","NEW_CONTROLLER'","PDQuadrotor'","AD_stepper_simulation_all'","Analog_IO_Library'","testBCIRobot3d'"
"aeroblk_calibrated'","SET1'","GearSelect_Testrig'","BLNoiseTest'","Baro_Library'","testBCIRobot3e'"
"aeroblk_self_cond_cntr'","SET2'","PV_MPPT'","ChirpTest'","DataTypeConv_Library'","testBCIRobot3e_ext'"
"sldemo_mdlref_variants_enum'","SET3'","PV_model_Param'","DAC'","Discrete_IO_Library'","testBCIRobot3e_sim'"
"sldemo_mdlref_bus'","all_phase'","PV_module'","DigINPort'","FlashMemory_Library'","testBCIRobot3f_ext'"
"sldemo_mdlref_conversion'","all_phase_inv'","OSWEC'","DigOUTPort'","GPS_Library'","testBCIRobot3f_sim'"
"sldemo_mdlref_counter_datamngt'","changer'","RM3'","FreePortComm_RXTX'","IMU_Library'","testBCIRobot3g_ext'"
"sldemo_mdlref_dsm'","cont_lower'","sldemo_drivecycle'","FreePortComm_RXTX_noExt'","Mag_Library'","testBCIRobotCommsRX'"
"sldemo_mdlref_dsm_bot'","cont_modifed'","VU_lineFollow'","FreePortComm_RXTX_noExt2'","Pitot_Library'","testBCIRobotCommsRX_noExtMode'"
"sldemo_mdlref_dsm_bot2'","rasberry'","VU_lineFollow1'","FreePortComm_RX_7Seg_MiniDragon'","RC_Library'","testMiniDragonDisplay'"
"sldemo_mdlref_F2C'","error_gen'","VU_lineFollow1b'","FreePortComm_RX_simple'","Serial_Library'","test_PC'"
,"estimate'","VU_lineFollow2'","FreePortComm_RX_simple2'","Timing_Library'","Vehicle_Dynamics_Tests'"
,"ind_trig'","VU_motorSpdCtrl'","FreePortComm_RX_simple3'","myo_lib'","Vehicle_Dynamics_Tests_NoDelftTyre'"
,"inital'","VU_testBtTxRx'","FreePortComm_RX_simple4'","IEEE80211a_lib'","GearSelect_Testrig'"
,"threshold_single'","VU_testSoundTone1'","FreePortComm_RX_simple_test'","IEEE80211a_lib'","Vehicle_Dynamics_Testrig'"
,"zerocross'","VU_testSoundTone2'","FreePortComm_TXRX'","nid_lib","HEV_Battery_Testrig_v1'"
,"OFDM_4QAM'","VU_testSoundTone3'","FreePortComm_TXRX_noExt'","mc9s12tool'","HEV_Battery_Testrig_v2'"
,"inpguitest'","VU_testUsbTxRx'","FreePortComm_TXRX_noExt2'","AD_Stepper_motor_lib'","Engine_Testrig'"
,"opguitest'","VU_NXTWay'","FreePortComm_TX_counter'","motion'","Vehicle_Dynamics_Testrig2'"
,"rpi_driver_blocks'","VU_NXTWay_Simple'","FreePortComm_TX_simple'","Blocks_Lib'","testmodel'"
,"MathModel_Boost_Subsys_ClosedLoop'","DFIGPI_by_indraneel_saki'","FreePortComm_TX_simple2'","Animation_Lib'","statetest'"
,"Simulink_1'","connectwithoutmech_by_indraneel_saki'","FreePortComm_TX_simple3'","Engine_Lib'","statetest'"
,"Simulink_10'","windturbinemod'","FreePortComm_TX_simple4'","Transmission_Lib'","ssc_Probes_test_all'"
,"Simulink_2'","complex_multiply_example'","FreePortComm_TX_simple_test'","DCT_Vehicle_Dynamics_Lib'","ssc_Probes_test_all_16a'"
,"Simulink_3'","downsample_upsample_example'","Fuzzy_2i1o'","Battery_Cell_Det'","ssc_Probes_test_all_16b'"
,"Simulink_4'","enabled_subsystem_example'","Fuzzy_3i1o'","HEV_Battery_Det_Lib'","VU_testBtTxRx'"
,"Simulink_5'","fir_filter_example'","InterModel_RX'","HEV_Battery_Lib'","VU_testSoundTone1'"
,"Simulink_6'","stateflow_example'","InterModel_TX'","HEV_Electrical_Lib'","VU_testSoundTone2'"
,"Simulink_7'","sync_subsystem_example'","Onboard_DAC_Dragon12RevE'","HEV_Vehicle_Dynamics_Lib'","VU_testSoundTone3'"
,"Simulink_8'","view_wave_example'","PWM'","realtime_pacer_lib'","VU_testUsbTxRx'"
,"Simulink_9'","rev_pow_ckt_new4'","PWM2'","MinorStepLib'","Blades_Testrig'"
,"nid_cvst_depth'","OCR'","PWM2_pc'","Motor_Lib'","Inputs_Set_Busses_Testrig'"
,"nid_cvst_image'","ssc_Probes_test_all_16b'","PWM3'","Contact_Forces_Lib'","Wind_Testrig'"
,"nid_cvst_ir'","ssc_dc_motor'","PWM_and_Servo'","Parts_Lib'","Geartrain_Testrig'"
,"nid_cvst_motion'","ssc_three_phase'","RFCcliRX'","utility'","Generator_Testrig'"
,"nid_cvst_point_cloud'","Dual_Clutch_Trans'","RFCcliRXTX_formtd_noExt'","ssc_Probes_2012a'","Turbine_State_Machine_Testrig'"
,"nid_cvst_skeleton'","Vehicle_Dynamics_Testrig'","RFCcliRX_PTH_client1'","ssc_Probes_2012b'","ControlLogic_Testrig'"
,"nid_cvst_what_is_nid'","Dual_Clutch_Trans_SDO'","RFCcliRX_PTH_client1_RF13'","ssc_Probes_2012b_scopes'","Pitch_Actuation_Hydraulic_Testrig'"
,"nid_depth'","Vehicle_Dynamics_Tests'","RFCcliRX_PTH_client1_formtd'","ssc_Probes_2013a'","Pitch_Control_Hydraulic_Testrig'"
,"nid_motion'","bad_idea'","RFCcliRX_PTH_client2'","ssc_Probes_2013a_HMC'","Pitch_Control_Ideal_Testrig'"
,"nid_skeleton_eML'","motion_example1'","RFCcliRX_PTH_client3'","ssc_Probes_2013b'","Yaw_Actuation_Testrig'"
,"nid_sl'","motion_example2'","RFCcliRX_PTH_client4'","ssc_Probes_2014a'","Yaw_Gearbox_Testrig'"
,"nid_cvst_color_in_motion'","motion_example3'","RFCcliRX_PTH_client5'","ssc_Probes_2014b'","test1_5'"
,"nid_cvst_depth'","ref4_rt'","RFCcliRX_freePort0_5'","ssc_Probes_2015a'","test6_1'"
,"nid_cvst_image'","ref4_xy'","RFCcliRX_freePort0_5_formtd_PC'","ssc_Probes_2015b'","test6_1_2'"
,"nid_cvst_ir'","ab'","RFCcliRX_freePort0_5_formtd_noExt'","ssc_Probes_2016a'","test6_2_v1'"
,"nid_cvst_kinect_sdk_sensor_angle'","AircraftB'","RFCcliRX_freePort0_5x2_formtd_PC'","ssc_Probes_2016b'","userdefined_funtion_test'"
,"nid_cvst_motion'","ACTimeOvercurrentRelayBlock'","RFCcliRX_freePort0_5x2_formtd_noExt'","ssc_Probes_2009b'","TestSFC'"
,"nid_cvst_multi_instance_device'","quad_control'","RFCcliTX_noExt'","ssc_Probes_2010a'","TestAmbient'"
,"nid_cvst_point_cloud'","HPW'","RFComm_server_TX_freePort0'","ssc_Probes_2010b'","TestCompressor'"
,"nid_cvst_skeleton'","FDI_SVM_WT'","RFCsvrRXTX_formtd_noExt'","ssc_Probes_2011a'","TestDuct'"
,"nid_cvst_skeleton2'","FDI_measures'","RFCsvrRX_noExt'","ssc_Probes_2011b'","TestFlowstart'"
,"nid_cvst_what_is_nid'","MAXPID_modelisation_multi_physique_MATLAB_2015a_Ivan_Liebgott'","RFCsvrTX_counter'","lego_nxt_lib'","TestNozzleChoked'"
,"nid_cvst_what_nid_see'","singele_phase_to_3phase_svpwm_IM'","RFCsvrTX_counter_5clients_noExt'","PTOSim_Lib'","TestNozzleUnchoked'"
,"nid_spb_cvst_kinect_sdk_what_is_nid'","EXTENSION'","RFCsvrTX_counter_formtd_noExt'","WECSim_Lib'","TestSplitter'"
,"spb_kinect_sdk_audio'","Actuated_Pioneer3DXAssembly'","RFCsvrTX_freePort0_5'","Blades_Lib'","TestTurbine'"
,"nid_cvst_corner_detection'","Controller_Pioneer3DXAssembly'","RFCsvrTX_freePort0_5_formtd'","Flex_Cantilever_Element_Lib'","Actuator_FO_TestBed'"
,"nid_cvst_pattern_tracking'","MotionConstraints_Pioneer3DXAssembly'","RFCsvrTX_freePort0_5_formtd_noExt'","Flex_Cantilever_Lib'","Ambient_TestBed'"
,"bot_demo'","Pioneer3DXAssembly'","RFCsvrTX_freePort0_5x2_formtd_noExt'","Brakes_Lib'","Burner_TestBed'"
,"pv_cell_model'","SL3DAnim_Pioneer3DXAssembly'","RFCsvrTX_freePort0_noExt'","Turbine_Input_Lib'","Comp_TestBed'"
,"RC_Demo_CAN_Host'","main_demo_real_robot'","Robot'","Wind_Lib'","ControllerPI_TestBed'"
,"ATWS'","HEV_SeriesParallel'","Robot_pc'","Geartrain_Lib'","CorN_TestBed'"
,"DCMotor'","HEV_Battery_Testrig_v1'","Servo_PWM'","Generator_Lib'","CorW_TestBed'"
,"DEVICE1'","HEV_Battery_Testrig_v2'","SimpleModel'","Main_Controller_Lib'","CorWf_TestBed'"
,"LQR'","Engine_Testrig'","Sonar'","Turbine_State_Machine_Lib'","Duct_TestBed'"
,"OCA_2_Prop'","PV_panel'","SpeedControl'","Hub_Axis_Lib'","FlwPthChar_TestBed'"
,"OCA_SUB'","PVarray_Grid_IncCondReg_det'","SpeedControl_PWM'","Hydraulic_Actuator_Lib'","Mod_Source_TestBed'"
,"OCA_SUB_modified'","PVarray_Grid_PandO_avg'","SysID'","Pitch_Actuation_Lib'","Nozzle_TestBed'"
,"Orientation'","Wind_Turbine'","SysID_RGS'","Pitch_Actuation_Linkage_Lib'","OutLoopInt_TestBed'"
,"PID'","Wind_Turbine_Flexible_Blades'","Timer'","Pitch_System_Lib'","Sensor_FO_TestBed'"
,"PR9'","Wind_Testrig'","Timer_IC'","Pitch_Controller_Lib'","Shaft_TestBed'"
,"QTM2SI'","Geartrain_Testrig'","Timer_OC'","Tower'","SolverDyn_TestBed'"
,"Transmitter'","Generator_Testrig'","Timer_OC_2'","Yaw_Actuation_Lib'","SolverSS_TestBed'"
,"XC'","Turbine_State_Machine_Testrig'","TogPort'","Yaw_Gearbox_Lib'","Splitter_TestBed'"
,"aa'","Pitch_Control_Ideal_Testrig'","TogPortNoComms'","Yaw_Ideal_Actuator_Lib'","Turbine_TestBed'"
,"analogicalgates'","Yaw_Gearbox_Testrig'","atest'","Yaw_Ideal_Motor_Lib'","Turbine_PSI_TestBed'"
,"bianpinx1'","Wind_PMSG'","borrar'","Yaw_Motor_Lib'","VCond_TestBed'"
,"danxiangjiangya'","youBot_Arm'","borrar_MiniDragon'","Yaw_System_Lib'","Valve_TestBed'"
,"danxiangtiaoya'","youBot'","ex3_1'","Yaw_Controller_Lib'","Valve_PHY_TestBed'"
,"demostration09'","youBot_damping'","f14'","drivecyclelib'","motor_test'"
,"demostration1'","youBot_STEP_URDF'","test'","ec_config_subsys'","test'"
,"enginecontroller'","main1'","testBCIRobot'","ec_lib'","quadtestmodel'"
,"feedforward1'","inverter_pwm2'","testBCIRobot3a'","echo_cancel_library_enabled'","ploop_test'"
,"feedforward2'","singele_phase_to_3phase_svpwm_IM_VF_PI'","testBCIRobotCommsRX'","Chassis_Alpha'","vloop_test'"
,"jieyue'","IM'","testBCIRobotCommsRX_noExtMode'","Chassis_Alpha_sm'","vloop_test2'"
,"measurement'","ssc_lithium_battery_1CellMultiplied'","testMiniDragonDisplay'","Chassis_Alpha_sm_s3d'",
,"modello'","ssc_lithium_battery_80Cells'","test_PC'","Compressor_Alpha'",
,"nibian'","ssc_lithium_cell_1RC'","vdp'","Compressor_Defaults'",
,"pdcontrol'","ssc_lithium_cell_1RC_estim'","deadlock'","Compressor_StaticSimulink'",
,"picpicpic'","ssc_lithium_cell_2RC'","deadlock2'","Power_Alpha'",
,"pidmodel'","pvwindupfc11'","AD_Stepper'","Prop_Alpha'",
,"powercontroller'","Buck_PWM'","AD_Stepper_Simulation'","Tube_Alpha'",
,"prog2'","zerocross'","Shaker_Driver_sysID2'","Tube_Alpha_sf'",
,"proj'","mybldc_mdl2'","ex3_2'","realtime_pacer_lib'",
,"quadtestmodel'","CONTROLLER_MOD'","shower'","LiBatteryBlocks'",
,"rasberry'","changer'","testBCIRobot2'","vsk_camera_vop_hwcosim_lib'",
,"rester'","cont_lower'","testBCIRobot3'","vsk_camera_vop_hwcosim_lib'",
,"robotjointmodel'","cont_modifed'","testBCIRobot3b'","vsk_camera_vop_hwcosim_lib'",
,"shengyazhanbo'","LLR_equivalent'","testBCIRobot3c'","QDMS4CSD'",
,"simone'","UPFC_1'","testBCIRobot3d'","Lib_Cntrl_CorrectedFuelFlow_TMATS'",
,"simulation'","microturbine_rectifierconverter'","testBCIRobot3e'","Lib_Cntrl_CorrectedGasFlow_TMATS'",
,"test'","VFT'","testBCIRobot3e_ext'","Lib_Cntrl_CorrectedSpeed_TMATS'",
,"testmodel'","hyperloop_arc'","testBCIRobot3e_sim'","Lib_Cntrl_FirstOrderActuator_TMATS'",
,"transmissioncontroller'","sl2ge_hyperloop'","testBCIRobot3f_ext'","Lib_Cntrl_FirstOrderSensor_TMATS'",
,"u2pwm'","ec_concept'","testBCIRobot3f_sim'","Lib_Cntrl_GainSchedulerD2D_TMATS'",
,"untitled1_slx'","ec_datadict_buses'","testBCIRobot3g_ext'","Lib_Cntrl_LimitCntrlPI_TMATS'",
,"vehiclecontroller'","ec_fixed_config_subsys'",,"Lib_Cntrl_LimitSelect_TMATS'",
,"zh2fsk'","ec_fixed_eml_simple'",,"Lib_Cntrl_SetPointCntrlPI_TMATS'",
,"zhengliu'","ec_fixed_lct_tb1'",,"Lib_Cntrl_SetPoint_TMATS'",
,"Ackermann'","ec_fixed_packngo'",,"Lib_Cntrl_SimplePIcontroller_TMATS'",
,"Arrays1'","ec_fixed_slm_16bit_tb1'",,"Lib_HeatXfer_0DtransconductionLS_TMATS'",
,"Arrays2'","ec_fixed_slm_hardcode'",,"Lib_HeatXfer_1Dtransconduction2FDE_TMATS'",
,"Arrays3_0'","ec_fixed_slm_structures'",,"Lib_HeatXfer_1DtransconductionCN_TMATS'",
,"Arrays3_1'","ec_fixed_slm_verify'",,"Lib_HeatXfer_1DtransconductionFDE_TMATS'",
,"Counter_with_prop'","ec_fixed_slm_with_bypass'",,"Lib_HeatXfer_1DtransconductionFDI_TMATS'",
,"CruiseControl3'","ec_fixed_slm_with_bypass_reset'",,"Lib_HeatXfer_1DtransconductionVPGen_TMATS'",
,"Early1'","ec_fixed_slp_brute_force'",,"Lib_HeatXfer_ThermalExpansion'",
,"Events1'","ec_fixed_slp_fb_better'",,"Lib_NM_JacobianCalc_TMATS'",
,"Events2'","ec_fixed_slp_sb'",,"Lib_NM_NewtonRaphsonSolver_TMATS'",
,"Events3'","ec_fixed_slp_sb_autoscaled'",,"Lib_Solve_DataOut_TMATS'",
,"Events3Out'","ec_fixed_slp_sb_with_mask'",,"Lib_Solve_IterNRSolverJC_TMATS'",
,"Events4'","ec_single_vs_fixed'",,"Lib_Solve_Linearize_TMATS'",
,"Events5'","ec_single_vs_fixed_autoscale'",,"Lib_Solve_ModelSource_TMATS'",
,"Events6'","ec_single_vs_fixed_old'",,"Lib_Solve_NormErr_TMATS'",
,"Events7'","ec_using_config'",,"Lib_Solve_OuterLoopIntegrator_TMATS'",
,"Flowchart1'","BackgroundEst'",,"Lib_Solve_PWLinearize_TMATS'",
,"Flowchart10'","OpticalFlow'",,"Lib_Solve_ParameterRamp_TMATS'",
,"Flowchart2'","vipabandonedobj_bayer_abstract'",,"Lib_Solve_ParameterStep_TMATS'",
,"Flowchart3'","Pre_SysGen_Post_embedded'",,"Lib_Solve_SSNRSolverJC_TMATS'",
,"Flowchart4'","vipabandonedobj_bayer_1800_frames'",,"Lib_Solve_VectorCondition_TMATS'",
,"Flowchart5'","vipabandonedobj_bayer_1800_noframes'",,"Lib_ThermoC_FlowAdd_TMATSC'",
,"Flowchart6'","vipabandonedobj_bayer_3400_frames'",,"Lib_ThermoC_setMN1_TMATSC'",
,"Flowchart7'","vipabandonedobj_bayer_ml506_frames'",,"Lib_ThermoC_setPs_TMATSC'",
,"Flowchart8'","Pre_SysGen_Post_sh_fifo_nohwcs'",,"Lib_ThermoC_setSP_TMATSC'",
,"Flowchart9'","vipabandonedobj_bayer_hwcs_noframes'",,"Lib_ThermoC_setTP_TMATSC'",
,"GraphFun1'","vipabandonedobj_bayer_hwcs_replaced_inputs'",,"Lib_ThermoC_setTsPsMN_TMATSC'",
,"Hierarchy1'","vipabandonedobj_bayer_hwcs_replaced_inputs_outputs'",,"Lib_ThermoC_sethP_TMATSC'",
,"Hierarchy2'","vipabandonedobj_bayer_sg'",,"Lib_Thermo_Enth2Temp_TMATS'",
,"Hierarchy3'","AC_Quadcopter_Simulation'",,"Lib_Thermo_PT2S_TMATS'",
,"Hierarchy4'","PC_Quadcopter_Simulation'",,"Lib_Thermo_SP2T_TMATS'",
,"History1'","Team37_Quadcopter_Simulation'",,"Lib_Thermo_Temp2Enth_TMATS'",
,"Iek1'","GasTurbine_Dyn_Template'",,"Lib_TurboC_Ambient_TMATSC'",
,"Iek2'","Plant_GasTurbine'",,"Lib_TurboC_Burner_TMATSC'",
,"Inner1'","GasTurbine_SS_Template'",,"Lib_TurboC_Compressor_TMATSC'",
,"Inner2'","JT9D_Model_Dyn'",,"Lib_TurboC_Duct_TMATSC'",
,"Inner3'","JT9D_Model_SS'",,"Lib_TurboC_FlowStart_TMATSC'",
,"Inner4'","JT9D_SS_Cantera_Template'",,"Lib_TurboC_Inlet_TMATSC'",
,"Junctions1'","NewtonRaphson_Equation_Solver'",,"Lib_TurboC_Nozzle_TMATSC'",
,"Junctions2'","TTECTrA_example'",,"Lib_TurboC_Splitter_TMATSC'",
,"Junctions3'","qpsktxrx'",,"Lib_TurboC_Turbine_TMATSC'",
,"Junctions4'","ModeS_FixPt_Pipelined_ADI'",,"Lib_Turbo_Ambient_TMATS'",
,"Junctions5'","ModeS_Simulink_libiio'",,"Lib_Turbo_Bleed_TMATS'",
,"Junctions6'","JT9D_Model_Lin'",,"Lib_Turbo_Burner_TMATS'",
,"Junctions7'","JT9D_Model_PWLin'",,"Lib_Turbo_CompressorVG_TMATS'",
,"Junctions8'","fourBar'",,"Lib_Turbo_Compressor_TMATS'",
,"Junctions9'","hackrf_simple_tx_demo'",,"Lib_Turbo_Duct_TMATS'",
,"Loops1'","hackrf_spectrum_scope_demo'",,"Lib_Turbo_FlowPathChar_TMATS'",
,"Loops10'","HEV'",,"Lib_Turbo_GearBox_TMATS'",
,"Loops2'","motorcontroller'",,"Lib_Turbo_HeatSoak_TMATS'",
,"Loops3'","blink_challenge_sim'",,"Lib_Turbo_HeatXchang_TMATS'",
,"Loops4'","MICROGRID_PV_Wind'",,"Lib_Turbo_Inlet_TMATS'",
,"Loops5'","Solar_MPPT_Resistaince_load'",,"Lib_Turbo_Mixer_TMATS'",
,"Loops6'","power_HEV_powertrain'",,"Lib_Turbo_NozzleVar_TMATS'",
,"Loops7'","IEEE_9bus_new_o'",,"Lib_Turbo_Nozzle_TMATS'",
,"Loops8'","arduinouno_drive_closedloop'",,"Lib_Turbo_PGenerator_TMATS'",
,"Loops9'","arduinouno_drive_openloop'",,"Lib_Turbo_SFCCalc_TMATS'",
,"Nonterm1'","anfismicrogrid'",,"Lib_Turbo_Shaft_TMATS'",
,"On1'","simple_svpwm'",,"Lib_Turbo_Splitter_TMATS'",
,"Outer1'","BLDC_speed_control'",,"Lib_Turbo_StaticCalc_TMATS'",
,"Parallel1'","mpptir9'",,"Lib_Turbo_TurbineNPSS_TMATS'",
,"Parallel2'","fuzzytriangular15'",,"Lib_Turbo_TurbinePSI_TMATS'",
,"Parallel3'","s1'",,"Lib_Turbo_Turbine_TMATS'",
,"Parallel4'","s2'",,"Lib_Turbo_ValvePHY_TMATS'",
,"Parallel5'","s2eig'",,"Lib_Turbo_Valve_TMATS'",
,"ROSACE_VA_control'","s3'",,"TMATSC_ThermoC'",
,"ROSACE_VA_control_simu'","s3eig'",,"TMATSC_TurboC'",
,"SetReset'","s3g'",,"TMATS_Control'",
,"SetResetOut'","s3geig'",,"TMATS_HeatXfer'",
,"SetResetWait'","s4'",,"TMATS_Lib'",
,"SetResetWaitOut'","s5'",,"TMATS_NumericalMethods'",
,"SfSecurity'","s1'",,"TMATS_Solver'",
,"Single1'","s2'",,"TMATS_Thermo'",
,"Stopwatch1'","s3'",,"TMATS_Turbo'",
,"Stopwatch2'","s4'",,"WaterRunner_lib'",
,"Subsys1'","s2'",,"WaterRunner_lib'",
,"Super1'","s4'",,"WaterRunner_lib_2'",
,"Super10'","s2'",,"RT'",
,"Super11'","s3'",,"roblocks'",
,"Super12'","s1'",,"control'",
,"Super13'","s5a'",,"hackrf_library'",
,"Super2'","s5b'",,,
,"Super2Out'","s6'",,,
,"Super3'","s1'",,,
,"Super4'","s3'",,,
,"Super5'","s3eig'",,,
,"Super6'","s4'",,,
,"Super7'","s5'",,,
,"Super8'","s1'",,,
,"Super9'","s2'",,,
,"Temporal1'","s4'",,,
,"Twochart1'","s5'",,,
,"blink_challenge_sch'","s1o'",,,
,"blink_challenge_sf'","s2c'",,,
,"blink_led_sim'","s2o'",,,
,"encoder_sim'","s3'",,,
,"motor_sim'","BatteryChargeControl'",,,
,"servo_sim'","direct_torque_control'",,,
,"stepper_sim'","BEV'",,,
,"Driver_Speed_Test'","ConventionalVehicle'",,,
,"LEGO_NXT_M1V4_Closed_Loop_DC_Motor_Position_Control'","PTB_BatteryElectricVehicle'",,,
,"LEGO_NXT_M1V4_Motor_Step_Response'","PTB_ConventionalModel'",,,
,"LEGO_NXT_M2V3_Closed_Loop_DC_Motor_Position_Control'","Cam_Follower'",,,
,"LEGO_NXT_M2V3_Motor_Step_Response'","Belts_01_Two_Belts'",,,
,"LEGO_NXT_MSM_Closed_Loop_DC_Motor_Position_Control'","Geneva_Drive'",,,
,"LEGO_NXT_MSM_Motor_Step_Response'","Collision_02_Disk_Finite_Plane_Fixed'",,,
,"Maxon_M1V4_Motor_Step_Response'","Collision_03_Disk_Finite_Plane_Spin'",,,
,"Maxon_M2V3_Motor_Step_Response'","Collision_04_Disks_in_Box'",,,
,"Maxon_MSM_Motor_Step_Response'","Collision_05_Disk_in_Ring'",,,
,"MinSegMega_Demo_V2'","Collision_06_Catapult'",,,
,"MinSegNano_Demo'","Collision_07_Ball_Finite_Plane_Float'",,,
,"MinSegPro_Demo'","Collision_08_Compare_Forces'",,,
,"MinSegShield_Demo_M1V4'","Friction_01_Box_on_Ramp_Constraint'",,,
,"MinSegShield_Demo_M1V4_UNO'","Friction_02_Box_on_Ramp'",,,
,"MinSegShield_Demo_M1V5'","Friction_03_Double_Pendulum_Constraint'",,,
,"MinSegShield_Demo_M2V3'","Friction_04_Disk_Rolling_on_Ramp'",,,
,"PandO'","Friction_05_Beam_on_Wheel'",,,
,"mod_ref_root'","Friction_06_Disk_on_Disk'",,,
,"myarduino_LCD_LED'","Friction_07_Floating_Disks'",,,
,"myarduino_UART_basic'","Friction_08_Disks_and_Ring'",,,
,"myarduino_blink'","Friction_09_Ring_on_Disk_Float'",,,
,"myarduino_blink2'","Friction_10_Ball_on_Wheel'",,,
,"myarduino_blink2_PIL'","Spinning_Boxes'",,,
,"myarduino_blink2_leonardo'","Gripper_2Belts'",,,
,"myarduino_blink_ExtMode_mega2560'","Robot_2_Whl'",,,
,"myarduino_blink_double'","Coll3D_01_Ball_Plane_Fixed'",,,
,"myarduino_blink_double_leonardo'","Coll3D_02_Ball_Plane_Spin'",,,
,"myarduino_blink_expander'","Coll3D_03_Balls_in_Box'",,,
,"myarduino_blink_micros_UART'","Coll3D_04_Ball_in_Tube_Fixed'",,,
,"myarduino_blink_sr04'","Coll3D_05_Ball_Peg_Board'",,,
,"myarduino_blink_sr04_LCD_printf'","Coll3D_06_Ball_in_Ball'",,,
,"myarduino_blink_uart'","Coll3D_07_Balls_and_Sliding_Tube'",,,
,"myarduino_empty'","Coll3D_08_Ball_in_Spinning_Cone'",,,
,"myarduino_extint'","Frict3D_01_Box_on_Table'",,,
,"myarduino_extint_test'","Frict3D_02_Ball_on_Table'",,,
,"myarduino_extint_test2'","Frict3D_03_Board_on_Balls'",,,
,"myarduino_extint_test_manageTimer'","Frict3D_04_Ball_on_Ball'",,,
,"myarduino_hc04_test'","Frict3D_05_Tube_on_Balls'",,,
,"myarduino_i2c_master'","Frict3D_06_Ball_on_Balls'",,,
,"myarduino_i2c_slave'","Frict3D_07_Ball_in_Ball'",,,
,"myarduino_performance_test'","Cam_Follower'",,,
,"myarduino_servo'","Belts_01_Two_Belts'",,,
,"myarduino_stairs_uart'","Geneva_Drive'",,,
,"myarduino_uart_in'","Collision_02_Disk_Finite_Plane_Fixed'",,,
,"myarduino_varaible_blink'","Collision_03_Disk_Finite_Plane_Spin'",,,
,"myarduino_varaible_blink_leonardo'","Collision_04_Disks_in_Box'",,,
,"realtime_pacer_example'","Collision_05_Disk_in_Ring'",,,
,"encoder_slsp'","Collision_06_Catapult'",,,
,"encoder_slsp_mega'","Collision_07_Ball_Finite_Plane_Float'",,,
,"input_slsp'","Collision_08_Compare_Forces'",,,
,"output_slsp'","Friction_01_Box_on_Ramp_Constraint'",,,
,"output_slsp_masked'","Friction_02_Box_on_Ramp'",,,
,"aout_eml'","Friction_03_Double_Pendulum_Constraint'",,,
,"din_eml'","Friction_04_Disk_Rolling_on_Ramp'",,,
,"dio_eml'","Friction_05_Beam_on_Wheel'",,,
,"dout_eml'","Friction_06_Disk_on_Disk'",,,
,"enc_eml'","Friction_07_Floating_Disks'",,,
,"encaout_eml'","Friction_08_Disks_and_Ring'",,,
,"aout_lct'","Friction_09_Ring_on_Disk_Float'",,,
,"din_lct'","Friction_10_Ball_on_Wheel'",,,
,"dio_lct'","Spinning_Boxes'",,,
,"dout_lct'","Gripper_2Belts'",,,
,"enc_lct'","Robot_2_Whl'",,,
,"encaout_lct'","Coll3D_01_Ball_Plane_Fixed'",,,
,"analog_output_arduino_test'","Coll3D_02_Ball_Plane_Spin'",,,
,"analog_output_raspi_test'","Coll3D_03_Balls_in_Box'",,,
,"digitalio_arduino_test'","Coll3D_04_Ball_in_Tube_Fixed'",,,
,"digitalio_raspi_test'","Coll3D_05_Ball_Peg_Board'",,,
,"digitalwrite_arduino_test'","Coll3D_06_Ball_in_Ball'",,,
,"encoder_arduino_test'","Coll3D_07_Balls_and_Sliding_Tube'",,,
,"encoder_raspi_test'","Coll3D_08_Ball_in_Spinning_Cone'",,,
,"source_sink_test'","Frict3D_01_Box_on_Table'",,,
,"arduinouno_gettingstarted'","Frict3D_02_Ball_on_Table'",,,
,"arduinouno_servocontrol_potentiometer'","Frict3D_03_Board_on_Balls'",,,
,"arduinouno_servocontrol_sweep'","Frict3D_04_Ball_on_Ball'",,,
,"sys6'","Frict3D_05_Tube_on_Balls'",,,
,"s1eig'","Frict3D_06_Ball_on_Balls'",,,
,"cs3'","Frict3D_07_Ball_in_Ball'",,,
,"s1a'","Cam_Follower'",,,
,"s1b'","Belts_01_Two_Belts'",,,
,"s1c'","Geneva_Drive'",,,
,"smg'","Collision_02_Disk_Finite_Plane_Fixed'",,,
,"s4eig'","Collision_03_Disk_Finite_Plane_Spin'",,,
,"s4stp'","Collision_04_Disks_in_Box'",,,
,"s3a'","Collision_05_Disk_in_Ring'",,,
,"s3b'","Collision_06_Catapult'",,,
,"s1c'","Collision_07_Ball_Finite_Plane_Float'",,,
,"Driver_Glider'","Collision_08_Compare_Forces'",,,
,"PTB_GliderModel'","Friction_01_Box_on_Ramp_Constraint'",,,
,"Geneva_Drive_imported'","Friction_02_Box_on_Ramp'",,,
,"Collision_01_Ball_Infinite_Plane'","Friction_03_Double_Pendulum_Constraint'",,,
,"Geneva_Drive_imported'","Friction_04_Disk_Rolling_on_Ramp'",,,
,"Collision_01_Ball_Infinite_Plane'","Friction_05_Beam_on_Wheel'",,,
,"Geneva_Drive_imported'","Friction_06_Disk_on_Disk'",,,
,"Collision_01_Ball_Infinite_Plane'","Friction_07_Floating_Disks'",,,
,"ASK'","Friction_08_Disks_and_Ring'",,,
,"BPSK'","Friction_09_Ring_on_Disk_Float'",,,
,"OOK'","Friction_10_Ball_on_Wheel'",,,
,"cppll'","Spinning_Boxes'",,,
,"dpll'","Gripper_2Belts'",,,
,"dpll_fixpt'","Robot_2_Whl'",,,
,"linearpll'","Coll3D_01_Ball_Plane_Fixed'",,,
,"BasicQuadRotor'","Coll3D_02_Ball_Plane_Spin'",,,
,"Blade'","Coll3D_03_Balls_in_Box'",,,
,"CascadeControl_DCmotor'","Coll3D_04_Ball_in_Tube_Fixed'",,,
,"Motor_Param_Est'","Coll3D_05_Ball_Peg_Board'",,,
,"Simple_Blade'","Coll3D_06_Ball_in_Ball'",,,
,"smc_mass_1d'","Coll3D_07_Balls_and_Sliding_Tube'",,,
,"fig2_18'","Coll3D_08_Ball_in_Spinning_Cone'",,,
,"fig2_19ax'","Frict3D_01_Box_on_Table'",,,
,"fig2_19bx'","Frict3D_02_Ball_on_Table'",,,
,"fig8_08'","Frict3D_03_Board_on_Balls'",,,
,"fig8_10a'","Frict3D_04_Ball_on_Ball'",,,
,"fig2_17'","Frict3D_05_Tube_on_Balls'",,,
,"PMSM_speed'","Frict3D_06_Ball_on_Balls'",,,
,"blink_challenge_sch'","Frict3D_07_Ball_in_Ball'",,,
,"blink_challenge_sf'","FSK'",,,
,"blink_led_sim'","QPSK'",,,
,"encoder_sim'","PV15kw'",,,
,"motor_sim'","PMSM_DRIVES_SIMULATION'",,,
,"servo_sim'","powerpll'",,,
,"stepper_sim'","DFIG_Basics'",,,
,"DC_Motor_Model'","QUADROTOR'",,,
,"SVMph3'","Quadrotor_Controller'",,,
,"host_rx'","inverter_SVM4'",,,
,"DC_Motor_Fuzzy'","microgridwithMICukdc_dcby_indraneel_saki'",,,
,"logger'","Battery_Charging_Discharding_model'",,,
,"anndemo'","MLIunequalDCsources'",,,
,"Control_Design_PID'","quadrotorsim'",,,
,"EmbeddedOpenLoop'","hybridPV_FUELCELL'",,,
,"Host_serial_final'","microgridwithmicrturbine'",,,
,"Host_serial_final_MATLAB'","microgridwithwind'",,,
,"EmbeddedClosedLoop_Ard'","Buck_Boost'",,,
,"moveMotor'","blink_challenge_sim'",,,
,"IMU_Serial_Example'","c28027pmsmfoc'",,,
,"myo_sfun_one_myo_imu'","c28027pmsmfoc_ert'",,,
,"myo_sfun_one_myo_imu_emg'","SAPF'",,,
,"create_rc_params_Preq'","MPPT_charger_V2'",,,
,"sim_validate_rint'","SPWMinverter3P_Final'",,,
,"I","BLDC_PI'",,,
,"bd_ess_test'","boostr'",,,
,"CompareSims'","Tariq'",,,
,"bd_dynamiccomparesims'","simple_wind_turbine_pmsg'",,,
,"BD_INTERACTIVE_REPLAY'","nxtway_gs'",,,
,"BD_ess_test2'","nxtway_gs_controller_fixpt'",,,
,"customsaberdemo'","nxtway_gs_vr'",,,
,"CameraMotion'","pndo'",,,
,"ObjectImaging'","finalmodel15_10'",,,
,"aeropropmodel'","se_filter'",,,
,"oloop3'","myo_sfun_one_myo_imu_visualization'",,,
,"oloop3a'","myo_sfun_two_myo_imu'",,,
,"Competition'","Simulink_serial_example'",,,
,"imageStreamJoystick'","IEEE80211a'",,,
,"imageStreamKeyboard'","IEEE80211a_NoSF'",,,
,"modelKeyboard'","IEEE80211a'",,,
,"modelSquare'","boostspi'",,,
,"fwiine_example'","KTH_103002'",,,
,"iir'","create_rc_params'",,,
,"canon'","sim_validate_rc'",,,
,"RTex'","FuelCellWorkBench'",,,
,"example'","MC_PB_ESS3'",,,
,"grampc_R2013a'","advisor_ess_options'",,,
,"grampc_R2016b'","ess_adapt_cs'",,,
,"grampc_R2013a'","fuelcell_adapt_cs'",,,
,"grampc_R2016b'","BD_DynamicCompareSims2'",,,
,"grampc_R2013a'","BD_CONV'",,,
,"grampc_R2016b'","BD_CONV2'",,,
,"grampc_R2013a'","BD_CONVAT'",,,
,"grampc_R2016b'","BD_CONVCVT'",,,
,"grampc_R2013a'","BD_EV'",,,
,"grampc_R2016b'","BD_FUELCELL'",,,
,"grampc_R2013a'","BD_FUZZY_EMISSIONS'",,,
,"grampc_R2016b'","BD_INSIGHT'",,,
,"grampc_R2013a'","BD_PAR'",,,
,"grampc_R2016b'","BD_PAR_AUTO'",,,
,"grampc_R2012a'","BD_PAR_CVT'",,,
,"grampc_R2013a'","BD_PAR_SA'",,,
,"grampc_R2016b'","BD_PAR_SA_AUTO'",,,
,"grampc_R2010a'","BD_PAR_SimplorerDemo'",,,
,"new_mod'","BD_PAR_saber_cosim'",,,
,"TST_EnumTypes'","BD_PRIUS_JPN'",,,
,"TST_EnumTypesStateflow'","BD_PTH'",,,
,"TST_ArraySelectors'","BD_SER'",,,
,"TST_BusCreatorForwardOptimization'","BD_SER2'",,,
,"TST_InterpolationAndLookup'","BD_SER_saber_cosim'",,,
,"TST_LogicOperations'","bd_par_auto2'",,,
,"TST_StateflowBitOperations'","bd_ser_elect_cosim'",,,
,"TST_StateflowDefaultTransitionCondition'","fc_KTH_lib_init'",,,
,"TST_BusSelectorProblem'","HYBVS'",,,
,"TST_DuringActionTest'","IBVS'",,,
,"TST_InnerTransition'","IBVS3Dp'",,,
,"TST_SfVariableInputTest'","IBVSendeff'",,,
,"TST_DoorsRequirements'","IBVSeq'",,,
,"TST_DoorsRequirementsWithSurrogate'","IBVShandcoded'",,,
,"TST_WordRequirements'","IBVSstereo'",,,
,"TST_SfFunctionWithBusTypes'","IBVStrack'",,,
,"TST_StateflowHistoryJunction'","PBVS'",,,
,"TST_AdvancedStateflowLoops'","beaver'",,,
,"TST_AdvancedStateflowLoops2'","apilot1'",,,
,"TST_AdvancedStateflowLoops3'","apilot2'",,,
,"TST_AdvancedStateflowLoops4'","apilot3'",,,
,"TST_StateflowLoops'","pah'",,,
,"TST_HelloWorldModel'","pahrah'",,,
,,"rah'",,,
,,"oloop1'",,,
,,"oloop1a'",,,
,,"oloop2'",,,
,,"fullModelJoystick'",,,
,,"fullModelKeyboard'",,,
,,"gamingJoystick'",,,
,,"gamingKeyboard'",,,
,,"modelJoystick'",,,
,,"controlledsystem'",,,